{"cameraMode":{"drawMode":0,"name":"Shaded","section":"Shading Mode"},"sceneLighting":false,"audioPlay":false,"sceneViewState":{"showFog":false,"showMaterialUpdate":false,"showSkybox":false,"showFlares":false,"showImageEffects":true,"showParticleSystems":true},"in2DMode":false,"pivot":{"x":0.6210001707077026,"y":4.589950084686279,"z":14.902917861938477},"rotation":{"x":-0.1834932118654251,"y":-0.3892900347709656,"z":0.07944384217262268,"w":-0.8991508483886719},"size":4.041658401489258,"orthographic":false}