{"cameraMode":{"drawMode":0,"name":"Shaded","section":"Shading Mode"},"sceneLighting":false,"audioPlay":false,"sceneViewState":{"showFog":false,"showMaterialUpdate":false,"showSkybox":false,"showFlares":false,"showImageEffects":true,"showParticleSystems":true},"in2DMode":false,"pivot":{"x":-8.156492233276368,"y":0.4639148712158203,"z":20.270000457763673},"rotation":{"x":0.025866204872727395,"y":-0.5815584659576416,"z":0.01850532740354538,"w":0.8128827214241028},"size":2.8578836917877199,"orthographic":false}