{"cameraMode":{"drawMode":0,"name":"Shaded","section":"Shading Mode"},"sceneLighting":false,"audioPlay":false,"sceneViewState":{"showFog":false,"showMaterialUpdate":false,"showSkybox":false,"showFlares":false,"showImageEffects":true,"showParticleSystems":true},"in2DMode":false,"pivot":{"x":-8.156492233276368,"y":0.4639148712158203,"z":20.270000457763673},"rotation":{"x":0.2526603937149048,"y":-0.7234587669372559,"z":0.3325023949146271,"w":0.5497384071350098},"size":2.8578836917877199,"orthographic":false}