{"cameraMode":{"drawMode":0,"name":"Shaded","section":"Shading Mode"},"sceneLighting":false,"audioPlay":false,"sceneViewState":{"showFog":false,"showMaterialUpdate":false,"showSkybox":false,"showFlares":false,"showImageEffects":true,"showParticleSystems":true},"in2DMode":false,"pivot":{"x":0.9024736881256104,"y":7.12581729888916,"z":16.131364822387697},"rotation":{"x":-0.22617998719215394,"y":-0.035630177706480029,"z":0.008278962224721909,"w":-0.9733985066413879},"size":2.8578836917877199,"orthographic":false}